{
    "num_topics": [
        3,
        4,
        5,
        6,
        7,
        8,
        9
    ],
    "coherence_values": [
        0.34101103171436575,
        0.35458683522416995,
        0.3637530243364758,
        0.3907099752418617,
        0.3893091137211236,
        0.3668747655334298,
        0.3900136152033865
    ],
    "perplexity_values": [
        -6.629236608848307,
        -6.673825969330441,
        -6.733425709254296,
        -6.758848073107843,
        -6.785311322230981,
        -6.854938082100643,
        -6.949626431053305
    ]
}