{
    "num_topics": [
        3,
        4,
        5,
        6,
        7,
        8,
        9,
        10
    ],
    "coherence_values": [
        0.384271666449105,
        0.33768627161900605,
        0.36800461510802823,
        0.3635692741850394,
        0.4055745046881533,
        0.4239343907395321,
        0.4164283432290389,
        0.36851118704303143
    ],
    "perplexity_values": [
        -5.770936639441328,
        -5.803412950163258,
        -5.832261596649377,
        -5.854796181027643,
        -5.874775546224494,
        -5.901563126342364,
        -5.9833713570697995,
        -6.11879380733906
    ]
}