{"n_comments": {"F-statistic": 13.066486307816653, "P-value": 1.2509680928901524e-93}, "n_attachment": {"F-statistic": 10.606358325247275, "P-value": 9.336148494692641e-73}, "total_comment_length": {"F-statistic": 11.163031590990862, "P-value": 1.7596231420824048e-77}}